NIM,Program Studi : ,IPK ,Jenis Kelamin,Tinggi Badan : ,Berat Badan : ,Pendidikan terakhir ,Rata-rata belajar perminggu (dalam jam) : ,Apakah penerima beasiswa : ,"Asal Daerah (Kota beserta Provinsi) : 
Ex : Padang, Sumatera Barat ",Pekerjaan sekarang,Akses Internet (yang paling sering digunakan) ,Keterlibatan Organisai ,"Uang Saku : 
(yang diberikan oleh orangtua)","Jenis Tempat Tinggal : 
(Tempat tinggal saat ini) ",Jarak rumah dari kampus ITERA :  ,Jenis pekerjaan Ayah : ,Jenis pekerjaan Ibu : ,Pendapatan Orangtua : ,Jumlah Anggota Keluarga : 
12,Sains data ,3.07,Laki-laki,168,68,SMA,40 jam,Tidak,"Lampung Timur, Lampung ",Paruh Waktu,Fasilitas Kampus,Tidak Aktif,500k s.d 1 jt,Rumah mengontrak bersama-sama,2 km - 3 km,Lainnya,Lainnya,3 jt - 5jt,9
13,Sains Data,2.89,Laki-laki,167 cm,58 kg,SMA,5 jam,Tidak,"Padang,Sumater Barat",Tidak bekerja,Paket Data Seluler,Tidak Aktif,"1 jt s.d 1,5 jt",Kos,1 km - 2 km,Karyawan Swasta,Lainnya,1jt - 3jt,6
14,Sains Data ,3.26,Perempuan,150,58,SMA,8 jam,Ya,"Tulang Bawang, Lampung ",Tidak bekerja,Wi-Fi pribadi,Aktif organisasi kemahasiswaan,500k s.d 1 jt,Kos,1 km - 2 km,Petani/ Nelayan,Lainnya,1jt - 3jt,4
15,Sains Data,4,Laki-laki,166,56,SMK,10,Tidak,Lampung,Tidak bekerja,Paket Data Seluler,Aktif organisasi kemahasiswaan,500k s.d 1 jt,Tinggal besama orangtua,> 5 km,Pensiunan,PNS,5 jt - 7 jt,5
16,Sains Data,4,Perempuan,155,40,SMA,3,Tidak,"Padang, Sumatera Barat",Tidak bekerja,Fasilitas Kampus,Tidak Aktif,500k s.d 1 jt,Kos,< 1 km,Karyawan Swasta,Ibu Rumah Tangga,1jt - 3jt,6
17,Sains Data ,2.85,Perempuan,165,59,SMA,24 jam,Tidak,"Metro, Lampung ",Paruh Waktu,Paket Data Seluler,Aktif organisasi kemahasiswaan,500k s.d 1 jt,Tinggal besama orangtua,> 5 km,Petani/ Nelayan,Petani/ Nelayan,1jt - 3jt,4
29,SAINS DATA,3.89,Laki-laki,175,70,SMA,9,Tidak,"Lampung Tengah, Lampung ",Paruh Waktu,Paket Data Seluler,Tidak Aktif,"1 jt s.d 1,5 jt",Kos,> 5 km,Wiraswata,Ibu Rumah Tangga,1jt - 3jt,4
66,Sains Data,3.14,Laki-laki,173,52,SMA,17,Tidak,"Kalianda, Lampung Selatan",Paruh Waktu,Wi-Fi pribadi,Lainnya,500k s.d 1 jt,Rumah mengontrak bersama-sama,< 1 km,Petani/ Nelayan,Ibu Rumah Tangga,< 1jt,5
92,Sains Data ,3.83,Laki-laki,176,65,SMA,15,Tidak,"Tangerang, Banten",Paruh Waktu,Wi-Fi pribadi,Aktif organisasi kemahasiswaan,500k s.d 1 jt,Tinggal besama orangtua,> 5 km,Wiraswata,Lainnya,5 jt - 7 jt,4
130,Pariwisata ,3.4,Laki-laki,170 cm,98 kg,SMA,2 jam,Tidak,"Bandar Lampung, Lampung ",Tidak bekerja,Wi-Fi pribadi,Lainnya,500k s.d 1 jt,Tinggal besama orangtua,> 5 km,PNS,Ibu Rumah Tangga,3 jt - 5jt,4
131,Teknik Geofisika ,3.28,Perempuan,152,49,SMA,5,Tidak,Balige Sumatra Utara ,Penuh Waktu,Paket Data Seluler,Aktif organisasi kemahasiswaan,500k s.d 1 jt,Rumah mengontrak bersama-sama,2 km - 3 km,PNS,Petani/ Nelayan,1jt - 3jt,7
145,Sains Data,3.5,Perempuan,160,47,SMA,1,Tidak,"Depok, Jawa Barat",Tidak bekerja,Paket Data Seluler,Tidak Aktif,"1 jt s.d 1,5 jt",Kos,< 1 km,Wiraswata,Ibu Rumah Tangga,3 jt - 5jt,4
146,TKA,3.2,Perempuan,158,51,SMA,12 jam,Tidak,"lampung tengah, lampung",Tidak bekerja,Paket Data Seluler,Aktif organisasi kemahasiswaan,"1 jt s.d 1,5 jt",Kos,> 5 km,Karyawan Swasta,Ibu Rumah Tangga,1jt - 3jt,5
147,Arsitektur ,3.5,Laki-laki,165,50,SMA,5 jam,Tidak,"Lampung Selatan, Lampung ",Tidak bekerja,Wi-Fi pribadi,Tidak Aktif,500k s.d 1 jt,Tinggal besama orangtua,> 5 km,Lainnya,Ibu Rumah Tangga,1jt - 3jt,3
148,sains data,3.42,Perempuan,155,48,SMA,1 jam,Tidak,Sumatera utara,Tidak bekerja,Wi-Fi pribadi,Aktif organisasi kemahasiswaan,"1,5 jt s.d 2 jt",Kos,< 1 km,Lainnya,Ibu Rumah Tangga,7 jt - 9 jt,4
149,SAINS LINGKUNGAN KELAUTAN ,3.5,Perempuan,155,52,SMA,7 jam/ hari,Tidak,"MEDAN, SUMATERA UTARA ",Tidak bekerja,Paket Data Seluler,Aktif kegiatan akademik,500k s.d 1 jt,Kos,1 km - 2 km,Lainnya,Petani/ Nelayan,< 1jt,4
150,Teknik kelautan,3.5,Laki-laki,175,60,SMA,6 jam /hari,Ya,Sidikalang sumatera utara,Tidak bekerja,Fasilitas Kampus,Lainnya,500k s.d 1 jt,Asrama,< 1 km,Petani/ Nelayan,Petani/ Nelayan,< 1jt,7
153,Sains Data,3.6,Laki-laki,173,69,SMA,3 jam,Tidak,"Depok, Jawa Barat",Tidak bekerja,Fasilitas Kampus,Tidak Aktif,"1 jt s.d 1,5 jt",Kos,1 km - 2 km,Lainnya,PNS,7 jt - 9 jt,4
154,Sains Data,3.4,Perempuan,155,58,SMA,3,Tidak,Bandar Lampung,Tidak bekerja,Wi-Fi pribadi,Aktif organisasi kemahasiswaan,500k s.d 1 jt,Tinggal besama orangtua,3 km - 4 km,Wiraswata,PNS,3 jt - 5jt,4
155,Fisika ,2.74,Perempuan,158 cm,46kg,SMA,6 jam ,Tidak,"Raman Aji, Lampung Timur ",Tidak bekerja,Paket Data Seluler,Aktif organisasi kemahasiswaan,500k s.d 1 jt,Tinggal besama orangtua,3 km - 4 km,Karyawan Swasta,Ibu Rumah Tangga,1jt - 3jt,4
157,teknik Pertambangan ,3.5,Laki-laki,173,76,SMA,8,Tidak,"Kotaagung, Lampung",Tidak bekerja,Paket Data Seluler,Lainnya,"1 jt s.d 1,5 jt",Kos,> 5 km,PNS,PNS,7 jt - 9 jt,6
158,Teknik industri ,3.14,Perempuan,148,45,SMA,60 jam,Ya,Lampung,Tidak bekerja,Fasilitas Kampus,Aktif organisasi kemahasiswaan,"1 jt s.d 1,5 jt",Kos,1 km - 2 km,Wiraswata,Ibu Rumah Tangga,1jt - 3jt,5
159,kimia,2.8,Laki-laki,169,105,SMK,6-8,Tidak,"Bandar Lampung, Lampung ",Tidak bekerja,Paket Data Seluler,Aktif organisasi kemahasiswaan,500k s.d 1 jt,Tinggal besama orangtua,> 5 km,Petani/ Nelayan,Ibu Rumah Tangga,< 1jt,5
160,Sains Data,3.24,Perempuan,165,65,SMA,0,Tidak,"Lampunga Selatan, Lampung",Tidak bekerja,Paket Data Seluler,Aktif organisasi kemahasiswaan,500k s.d 1 jt,Kos,> 5 km,Lainnya,Ibu Rumah Tangga,1jt - 3jt,5
164,FISIKA,2.6,Perempuan,160 Cm,50 Kg,SMA,14 Jam,Tidak,"Duri Kosambi, Jakarta Barat",Tidak bekerja,Wi-Fi pribadi,Lainnya,500k s.d 1 jt,Kos,1 km - 2 km,Wiraswata,Wiraswata,< 1jt,3
165,Teknik Geofisika ,4,Laki-laki,170,70,SMA,24,Tidak,"Tulang Bawang, Lampung ",Tidak bekerja,Paket Data Seluler,Tidak Aktif,500k s.d 1 jt,Kos,1 km - 2 km,PNS,Lainnya,5 jt - 7 jt,4
166,Sains Data ,3.15,Laki-laki,171,56,SMA,2 â€” 3,Tidak,"Bekasi, Jawa Barat ",Tidak bekerja,Paket Data Seluler,Tidak Aktif,"1 jt s.d 1,5 jt",Kos,1 km - 2 km,Wiraswata,Ibu Rumah Tangga,< 1jt,5
169,Teknik Informatika ,3.5,Perempuan,150,48,SMA,72 jam,Tidak,"Medan, Sumatera Utara ",Tidak bekerja,Wi-Fi pribadi,Aktif organisasi kemahasiswaan,500k s.d 1 jt,Kos,< 1 km,Petani/ Nelayan,Ibu Rumah Tangga,3 jt - 5jt,5
170,Rekayasa Kosmetik,3.35,Perempuan,158,45,SMA,50 jam,Tidak,"Toba, sumatera Utara",Tidak bekerja,Wi-Fi pribadi,Aktif organisasi kemahasiswaan,500k s.d 1 jt,Rumah mengontrak bersama-sama,< 1 km,Lainnya,Petani/ Nelayan,< 1jt,8
171,Sains Aktuaria,4,Perempuan,161,49,SMA,3,Tidak,"Lampung Barat, Lampung",Tidak bekerja,Wi-Fi pribadi,Aktif kegiatan akademik,"1 jt s.d 1,5 jt",Kos,1 km - 2 km,PNS,PNS,5 jt - 7 jt,5
172,Sains Data,2.77,Perempuan,156,45,SMA,7,Tidak,"Serang, Banten",Tidak bekerja,Paket Data Seluler,Lainnya,500k s.d 1 jt,Rumah mengontrak Pribadi,> 5 km,Karyawan Swasta,Ibu Rumah Tangga,5 jt - 7 jt,4
173,Teknik Informatika ,3.5,Perempuan,150,48,SMA,72 jam,Tidak,"Medan, Sumatera Utara ",Tidak bekerja,Wi-Fi pribadi,Aktif organisasi kemahasiswaan,500k s.d 1 jt,Kos,< 1 km,Petani/ Nelayan,Petani/ Nelayan,3 jt - 5jt,5
174,Sains Data,3.68,Perempuan,155,45,SMA,48,Ya,"Pringsewu, Lampung",Tidak bekerja,Paket Data Seluler,Tidak Aktif,500k s.d 1 jt,Rumah mengontrak bersama-sama,2 km - 3 km,Lainnya,Ibu Rumah Tangga,< 1jt,4
175,Sains Data ,3.2,Laki-laki,170,70,SMA,6,Tidak,"Painan, Sumatera Barat",Paruh Waktu,Paket Data Seluler,Aktif organisasi kemahasiswaan,"1 jt s.d 1,5 jt",Kos,1 km - 2 km,Pensiunan,Ibu Rumah Tangga,1jt - 3jt,5
176,Sains Data,3.86,Perempuan,152,45,SMA,4,Tidak,"Muara Bungo, Jambi",Tidak bekerja,Wi-Fi pribadi,Aktif organisasi kemahasiswaan,"1 jt s.d 1,5 jt",Kos,1 km - 2 km,Wiraswata,Ibu Rumah Tangga,> 9jt,8
177,teknij geofisika,3.4,Laki-laki,170,62,SMA,20 jam,Tidak,lampung,Tidak bekerja,Wi-Fi pribadi,Lainnya,"1 jt s.d 1,5 jt",Kos,< 1 km,PNS,PNS,> 9jt,5
178,Rekayasa kehutanan 3.1,3,Perempuan,147,49,SMK,4 jam,Tidak,"Tapanuli Utara, sumatera utara",Tidak bekerja,Wi-Fi pribadi,Aktif organisasi kemahasiswaan,500k s.d 1 jt,Kos,2 km - 3 km,Petani/ Nelayan,Petani/ Nelayan,1jt - 3jt,7
179,Teknik Informatika ,3.39,Laki-laki,170 cm,55 kg,SMK,6-7,Tidak,"Bogor, Jawa Barat",Tidak bekerja,Wi-Fi pribadi,Aktif organisasi kemahasiswaan,500k s.d 1 jt,Rumah mengontrak bersama-sama,> 5 km,Lainnya,Lainnya,1jt - 3jt,2
180,Sains Data,3.17,Perempuan,157,62,SMK,5,Tidak,"Bandar Lampung, Lampung",Tidak bekerja,Paket Data Seluler,Aktif organisasi kemahasiswaan,500k s.d 1 jt,Tinggal besama orangtua,> 5 km,Karyawan Swasta,PNS,3 jt - 5jt,5
181,Sains Data,3.58,Perempuan,159,64,SMA,18,Tidak,"Lampung Tengah, Lampung",Tidak bekerja,Wi-Fi pribadi,Aktif kegiatan akademik,"1 jt s.d 1,5 jt",Kos,1 km - 2 km,Petani/ Nelayan,Ibu Rumah Tangga,1jt - 3jt,4
182,Sains Data ,3,Perempuan,157 cm,44,SMA,28 jam,Tidak,"Manna, Bengkulu",Tidak bekerja,Paket Data Seluler,Aktif organisasi kemahasiswaan,500k s.d 1 jt,Kos,1 km - 2 km,Lainnya,Ibu Rumah Tangga,1jt - 3jt,4
183,Sains Data,2.97,Laki-laki,180,65,SMA,20,Tidak,"Lampung Utara, Lampung",Tidak bekerja,Paket Data Seluler,Tidak Aktif,"1,5 jt s.d 2 jt",Kos,2 km - 3 km,PNS,PNS,> 9jt,4
184,Sains Data,3.01,Perempuan,160,58,SMA,6 jam,Tidak,"Lampung Utara,Lampung",Tidak bekerja,Paket Data Seluler,Tidak Aktif,"1 jt s.d 1,5 jt",Kos,> 5 km,Petani/ Nelayan,Ibu Rumah Tangga,1jt - 3jt,5 orang
185,Sains Data,3.19,Laki-laki,160,45,SMA,9,Tidak,"Gunungsitoli, Sumatera Utara",Tidak bekerja,Wi-Fi pribadi,Aktif organisasi kemahasiswaan,500k s.d 1 jt,Kos,1 km - 2 km,Karyawan Swasta,PNS,3 jt - 5jt,5
186,Sains data,2.5,Perempuan,159,50,SMA,10,Tidak,"Bandar Lampung, Lampung",Paruh Waktu,Wi-Fi pribadi,Tidak Aktif,500k s.d 1 jt,Tinggal besama orangtua,> 5 km,PNS,PNS,5 jt - 7 jt,3
187,Sains Data,3.38,Perempuan,153 cm,48 kg,SMA,15,Tidak,"Payakumbuh, Sumatera Barat",Tidak bekerja,Paket Data Seluler,Aktif organisasi kemahasiswaan,"1 jt s.d 1,5 jt",Kos,< 1 km,Karyawan Swasta,Lainnya,3 jt - 5jt,4
188,Sains Data,3.5,Perempuan,160,50,SMA,15,Tidak,"simalungun, sumatera Utara",Tidak bekerja,Wi-Fi pribadi,Aktif organisasi kemahasiswaan,"1,5 jt s.d 2 jt",Kos,1 km - 2 km,Petani/ Nelayan,Petani/ Nelayan,5 jt - 7 jt,3
189,Teknik Informatika,3.84,Laki-laki,164,46,SMA,2,Ya,"Padang Panjang, Sumatra Barat",Tidak bekerja,Lainnya,Tidak Aktif,500k s.d 1 jt,Kos,1 km - 2 km,Wiraswata,Ibu Rumah Tangga,1jt - 3jt,6
190,Sains Data,3.68,Laki-laki,165,45,SMA,2,Tidak,"Lampung Tengah, Lampung ",Tidak bekerja,Paket Data Seluler,Aktif kegiatan akademik,"1 jt s.d 1,5 jt",Asrama,< 1 km,Lainnya,Ibu Rumah Tangga,< 1jt,5
191,teknik geofisika,3.4,Laki-laki,170,62,SMA,10,Tidak,lampung bandar lampung,Tidak bekerja,Wi-Fi pribadi,Tidak Aktif,"1 jt s.d 1,5 jt",Tinggal besama orangtua,3 km - 4 km,Karyawan Swasta,Karyawan Swasta,> 9jt,5
192,Sains Data,3.49,Perempuan,159,51,SMA,5,Tidak,"Pesisir Barat, Lampung",Tidak bekerja,Fasilitas Kampus,Aktif organisasi kemahasiswaan,500k s.d 1 jt,Kos,1 km - 2 km,Petani/ Nelayan,Ibu Rumah Tangga,1jt - 3jt,5
194,Sains Data,3,Laki-laki,168,60,SMA,21,Tidak,"Tangerang, Banten",Tidak bekerja,Wi-Fi pribadi,Lainnya,500k s.d 1 jt,Kos,2 km - 3 km,Karyawan Swasta,Wiraswata,3 jt - 5jt,4
196,Fisika ,3.83,Laki-laki,160,45,SMA,30,Tidak,Lampung Tengah ,Paruh Waktu,Wi-Fi pribadi,Aktif organisasi kemahasiswaan,"1 jt s.d 1,5 jt",Rumah mengontrak bersama-sama,2 km - 3 km,PNS,Ibu Rumah Tangga,7 jt - 9 jt,7
197,Sains Data ,3.5,Perempuan,145,35,SMA,14,Tidak,"Lampung Timur, Lampung ",Tidak bekerja,Wi-Fi pribadi,Tidak Aktif,500k s.d 1 jt,Kos,1 km - 2 km,Wiraswata,Ibu Rumah Tangga,1jt - 3jt,5
200,Sains Data,3.97,Laki-laki,168,75,SMA,"12,5",Tidak,"Bandar Lampung, Lampung ",Tidak bekerja,Wi-Fi pribadi,Aktif organisasi kemahasiswaan,500k s.d 1 jt,Tinggal besama orangtua,> 5 km,Wiraswata,Ibu Rumah Tangga,5 jt - 7 jt,4
202,Sains Data ,3.7,Laki-laki,175,75,SMA,2.5 hingga 3,Tidak,Bandar Lampung ,Tidak bekerja,Wi-Fi pribadi,Aktif kegiatan akademik,500k s.d 1 jt,Tinggal besama orangtua,> 5 km,Lainnya,Ibu Rumah Tangga,> 9jt,5
203,Teknik Kimia,3.5,Laki-laki,165,54,SMA,1 jam,Tidak,Bandar Lampung,Tidak bekerja,Paket Data Seluler,Aktif organisasi kemahasiswaan,"1 jt s.d 1,5 jt",Tinggal besama orangtua,> 5 km,Wiraswata,Lainnya,3 jt - 5jt,5
206,Sains Aktuaria ,3.43,Laki-laki,171,70,SMA,+10 Jam,Tidak,DKI Jakarta ,Tidak bekerja,Paket Data Seluler,Aktif organisasi kemahasiswaan,"1 jt s.d 1,5 jt",Kos,1 km - 2 km,Karyawan Swasta,Ibu Rumah Tangga,> 9jt,5
208,biologi,2.75,Perempuan,152,41,SMA,2 jam,Tidak,"bandar lampung,lampung",Tidak bekerja,Wi-Fi pribadi,Lainnya,500k s.d 1 jt,Tinggal besama orangtua,3 km - 4 km,Wiraswata,Wiraswata,5 jt - 7 jt,4
209,Arsitektur lanskap ,3.76,Laki-laki,180 cm,62,SMA,1,Tidak,Jakarta ,Tidak bekerja,Paket Data Seluler,Aktif organisasi kemahasiswaan,"1 jt s.d 1,5 jt",Kos,< 1 km,Karyawan Swasta,PNS,> 9jt,4
210,Sains Atmosfer dan Keplanetan,2.91,Perempuan,150,48,SMA,10,Tidak,"Lampung Utara, Lampung",Tidak bekerja,Wi-Fi pribadi,Tidak Aktif,> 2 jt,Kos,1 km - 2 km,PNS,Wiraswata,> 9jt,6
212,SAP,3.14,Laki-laki,180,58kg,SMA,0,Tidak,Bogor,Tidak bekerja,Paket Data Seluler,Tidak Aktif,500k s.d 1 jt,Kos,< 1 km,Lainnya,Ibu Rumah Tangga,1jt - 3jt,5
215,Teknik Geologi,3.48,Perempuan,170,62,SMA,30 jam,Tidak,"Bandar Lampung, Lampung",Tidak bekerja,Wi-Fi pribadi,Aktif organisasi kemahasiswaan,500k s.d 1 jt,Tinggal besama orangtua,1 km - 2 km,Lainnya,Ibu Rumah Tangga,3 jt - 5jt,5
217,Pwk,3.03,Perempuan,153,46,SMA,42,Ya,"Liwa, lampung barat",Tidak bekerja,Paket Data Seluler,Aktif organisasi kemahasiswaan,500k s.d 1 jt,Rumah mengontrak bersama-sama,2 km - 3 km,Petani/ Nelayan,Petani/ Nelayan,< 1jt,4
218,teknik industri,3.91,Perempuan,159,48,SMA,7-8 jam,Tidak,"cilegon, banten",Tidak bekerja,Paket Data Seluler,Aktif kegiatan akademik,"1,5 jt s.d 2 jt",Kos,< 1 km,Karyawan Swasta,Ibu Rumah Tangga,> 9jt,5
219,Farmasi ,3.83,Perempuan,158 cm,50,SMA,3 jam,Tidak,"Pringsewu, Lampung ",Tidak bekerja,Paket Data Seluler,Aktif kegiatan akademik,"1,5 jt s.d 2 jt",Kos,> 5 km,Wiraswata,Ibu Rumah Tangga,5 jt - 7 jt,5
220,Sains Atmosfer dan Keplanetan,4,Laki-laki,170,64,SMA,5,Ya,"Lampung timur,Lampung",Tidak bekerja,Fasilitas Kampus,Aktif kegiatan akademik,500k s.d 1 jt,Asrama,< 1 km,Karyawan Swasta,Ibu Rumah Tangga,1jt - 3jt,7
221,Sains Aktuaria,3.06,Laki-laki,174,79,SMA,2 - 4 jam,Tidak,"Palembang, Sumatera Selatan",Tidak bekerja,Wi-Fi pribadi,Tidak Aktif,500k s.d 1 jt,Kos,< 1 km,Pensiunan,Ibu Rumah Tangga,1jt - 3jt,4
222,Kimia,3,Perempuan,Ga tau,Ga tau,SMK,Ga pasti,Ya,Aceh,Penuh Waktu,Lainnya,Aktif organisasi kemahasiswaan,500k s.d 1 jt,Kos,> 5 km,Lainnya,Lainnya,< 1jt,6
223,Sains Aktuaria,3.89,Perempuan,150,52,SMA,20,Tidak,"Way Kanan, Lampung",Tidak bekerja,Paket Data Seluler,Aktif organisasi kemahasiswaan,"1,5 jt s.d 2 jt",Kos,< 1 km,Pensiunan,PNS,7 jt - 9 jt,6
224,Sains Aktuaria ,3.5,Perempuan,163,54,SMA,4 jam,Tidak,"Palembang, Sumatera Selatan ",Tidak bekerja,Paket Data Seluler,Tidak Aktif,500k s.d 1 jt,Kos,< 1 km,Lainnya,Ibu Rumah Tangga,1jt - 3jt,4
226,Teknik Kimia,3.7,Perempuan,155,40,SMA,9 jam,Ya,"Bandar Lampung, Lampung ",Tidak bekerja,Fasilitas Kampus,Aktif organisasi kemahasiswaan,500k s.d 1 jt,Tinggal besama orangtua,> 5 km,Wiraswata,Ibu Rumah Tangga,1jt - 3jt,5
228,Sains Aktuaria,3.7,Laki-laki,168,61,SMA,7,Tidak,Sumatera Utara,Tidak bekerja,Paket Data Seluler,Lainnya,500k s.d 1 jt,Rumah mengontrak bersama-sama,2 km - 3 km,Lainnya,Lainnya,1jt - 3jt,6
229,Sains Data,3.45,Laki-laki,171 cm,51 kg,SMA,9 jam,Tidak,"Telukdalam Nias Selatan, Sumatera Utara",Tidak bekerja,Fasilitas Kampus,Aktif organisasi kemahasiswaan,500k s.d 1 jt,Asrama,< 1 km,Wiraswata,Ibu Rumah Tangga,< 1jt,5 anggota keluarga (3 orang anak beserta ayah dan ibu)
230,Sains Data,2.83,Laki-laki,161,55,SMA,35 jam,Tidak,"Tangerang, Banten",Paruh Waktu,Wi-Fi pribadi,Aktif organisasi kemahasiswaan,"1 jt s.d 1,5 jt",Rumah mengontrak bersama-sama,3 km - 4 km,Lainnya,Lainnya,5 jt - 7 jt,5
251,Sains Aktuaria,3.58,Laki-laki,182,80,SMA,4-5 ,Tidak,"Jakarta Selatan,Dki Jakarta",Paruh Waktu,Wi-Fi pribadi,Aktif organisasi kemahasiswaan,500k s.d 1 jt,Kos,1 km - 2 km,Lainnya,Wiraswata,< 1jt,3
253,Arsitektur,4,Perempuan,165 cm,74,SMA,21 jam,Tidak,"Bandarlampung, lampung",Tidak bekerja,Wi-Fi pribadi,Tidak Aktif,500k s.d 1 jt,Tinggal besama orangtua,> 5 km,PNS,PNS,7 jt - 9 jt,4
254,Teknologi Pangan,4,Perempuan,163,47,SMA,20,Tidak,Bandar Lampung,Tidak bekerja,Wi-Fi pribadi,Tidak Aktif,500k s.d 1 jt,Tinggal besama orangtua,> 5 km,Wiraswata,Ibu Rumah Tangga,1jt - 3jt,3
255,Teknik Geomatika,4,Perempuan,165,68,SMA,15,Tidak,"Bekasi, Jawa Barat",Tidak bekerja,Wi-Fi pribadi,Aktif organisasi kemahasiswaan,"1 jt s.d 1,5 jt",Kos,1 km - 2 km,Karyawan Swasta,Ibu Rumah Tangga,5 jt - 7 jt,4
256,Matematika,4,Laki-laki,165,67,SMA,70,Tidak,"Deli Serdang, Sumatra Utara",Paruh Waktu,Paket Data Seluler,Tidak Aktif,500k s.d 1 jt,Kos,3 km - 4 km,Karyawan Swasta,Ibu Rumah Tangga,1jt - 3jt,4
329,Farmasi,2.9,Laki-laki,171,65,SMA,4 jam ,Tidak,"Medan, sumatera Utara ",Paruh Waktu,Wi-Fi pribadi,Aktif kegiatan akademik,500k s.d 1 jt,Tinggal besama orangtua,> 5 km,Wiraswata,Karyawan Swasta,> 9jt,4
356,Teknik Sipil,3.08,Laki-laki,167 cm,55 kg,SMK,25,Ya,"Padang, Sumatera Barat",Paruh Waktu,Wi-Fi pribadi,Tidak Aktif,500k s.d 1 jt,Rumah mengontrak bersama-sama,3 km - 4 km,Lainnya,Ibu Rumah Tangga,< 1jt,5
362,Teknik Industri,3.3,Laki-laki,164,67,SMA,60 jam,Tidak,"Bandar Lampung, Lampung",Paruh Waktu,Wi-Fi pribadi,Tidak Aktif,500k s.d 1 jt,Tinggal besama orangtua,> 5 km,Lainnya,Pensiunan,> 9jt,3
372,Teknik Sipil,2.5,Perempuan,158,53,SMK,2,Tidak,"Bandar Lampung, Lampung ",Paruh Waktu,Wi-Fi pribadi,Aktif organisasi kemahasiswaan,"1 jt s.d 1,5 jt",Tinggal besama orangtua,> 5 km,Wiraswata,Ibu Rumah Tangga,3 jt - 5jt,6
377,Sains Aktuaria ,3.6,Perempuan,157,46,SMA,4,Ya,Pringsewu Lampung,Paruh Waktu,Paket Data Seluler,Aktif organisasi kemahasiswaan,500k s.d 1 jt,Kos,< 1 km,Lainnya,Ibu Rumah Tangga,1jt - 3jt,3
378,Sainsdata,3.2,Perempuan,169,50,SMA,8,Ya,"Payakumbuh,Sumatera Barat",Tidak bekerja,Wi-Fi pribadi,Aktif kegiatan akademik,"1,5 jt s.d 2 jt",Kos,2 km - 3 km,Wiraswata,Ibu Rumah Tangga,5 jt - 7 jt,5
379,Teknik Biomedis ,3.57,Perempuan,158,50,SMA,10,Tidak,"Tanah Datar, Sumatera Barat ",Tidak bekerja,Wi-Fi pribadi,Aktif organisasi kemahasiswaan,500k s.d 1 jt,Kos,< 1 km,Petani/ Nelayan,Ibu Rumah Tangga,1jt - 3jt,5
381,Sains Data,2.88,Laki-laki,170,48,SMA,5,Tidak,"Tanggamus, Lampung",Paruh Waktu,Paket Data Seluler,Tidak Aktif,500k s.d 1 jt,Kos,1 km - 2 km,Lainnya,Ibu Rumah Tangga,3 jt - 5jt,5
382,Rekayasa Instrumentasi dan Automasi,3,Laki-laki,175,55,SMK,44 jam,Tidak,"Kota Bandar Lampung, Lampung",Tidak bekerja,Wi-Fi pribadi,Aktif kegiatan akademik,500k s.d 1 jt,Tinggal besama orangtua,> 5 km,Wiraswata,Ibu Rumah Tangga,< 1jt,5
383,Sains Data,3.67,Perempuan,153,49,SMA,2 jam,Tidak,"Bekasi, Jawa Barat",Tidak bekerja,Wi-Fi pribadi,Aktif organisasi kemahasiswaan,"1,5 jt s.d 2 jt",Kos,1 km - 2 km,Pensiunan,Karyawan Swasta,5 jt - 7 jt,4
384,Teknik biomedis ,3.55,Laki-laki,165,52,SMA,6,Tidak,Bandar Lampung ,Tidak bekerja,Wi-Fi pribadi,Tidak Aktif,500k s.d 1 jt,Tinggal besama orangtua,> 5 km,PNS,PNS,3 jt - 5jt,6
385,Sains Data,3.06,Laki-laki,157,48,SMA,15 Jam,Tidak,"Lampung Tengah, Lampung",Paruh Waktu,Paket Data Seluler,Aktif organisasi kemahasiswaan,500k s.d 1 jt,Asrama,< 1 km,Wiraswata,Wiraswata,1jt - 3jt,5
418,Fisika,3.17,Laki-laki,169,70,SMK,50 jam,Tidak,Bandar Lampung,Paruh Waktu,Paket Data Seluler,Aktif organisasi kemahasiswaan,500k s.d 1 jt,Tinggal besama orangtua,> 5 km,Wiraswata,Ibu Rumah Tangga,3 jt - 5jt,6
420,Sains Data ,3.25,Laki-laki,175,64,SMA,3,Tidak,"Kota Bandar Lampung, Lampung",Tidak bekerja,Wi-Fi pribadi,Aktif organisasi kemahasiswaan,500k s.d 1 jt,Tinggal besama orangtua,> 5 km,Karyawan Swasta,Ibu Rumah Tangga,7 jt - 9 jt,4
423,Teknik Pertambangan ,3.5,Laki-laki,177 cm,72 kg,SMA,40 jam,Tidak,"OKU TIMUR, Sumatera Selatan",Tidak bekerja,Paket Data Seluler,Aktif kegiatan akademik,500k s.d 1 jt,Rumah mengontrak bersama-sama,> 5 km,Petani/ Nelayan,Ibu Rumah Tangga,3 jt - 5jt,7
424,Teknik Sipil,4,Perempuan,170,49,SMA,3-4 jam ,Tidak,"Palembang, Sumatera Selatan",Tidak bekerja,Fasilitas Kampus,Tidak Aktif,500k s.d 1 jt,Kos,< 1 km,Pensiunan,Karyawan Swasta,3 jt - 5jt,4
425,Teknik Informatika ,3.66,Laki-laki,168,60,SMK,3,Tidak,"Bandar lampung, Lampung ",Tidak bekerja,Wi-Fi pribadi,Aktif organisasi kemahasiswaan,500k s.d 1 jt,Tinggal besama orangtua,> 5 km,PNS,PNS,5 jt - 7 jt,5
426,Fisika,3.48,Laki-laki,175,54,SMA,35 jam karna 1 hari belajar nya 5 jam (belajar nya dalam hal ngerjain tugas dan bahas soal),Ya,"Toba, Sumatera Utara",Paruh Waktu,Fasilitas Kampus,Aktif organisasi kemahasiswaan,500k s.d 1 jt,Kos,1 km - 2 km,Petani/ Nelayan,Petani/ Nelayan,< 1jt,4 bersaudara
427,Teknik Kimia ,3.5,Laki-laki,172,80,SMA,5,Tidak,Lampung ,Paruh Waktu,Paket Data Seluler,Lainnya,500k s.d 1 jt,Rumah mengontrak bersama-sama,> 5 km,Wiraswata,Ibu Rumah Tangga,< 1jt,3
435,Sains Data,3.68,Laki-laki,168,54,SMA,3,Tidak,"Bandar Lampung, Lampung",Paruh Waktu,Paket Data Seluler,Tidak Aktif,500k s.d 1 jt,Tinggal besama orangtua,2 km - 3 km,Pensiunan,Lainnya,5 jt - 7 jt,4